Courier,Categories,Rank
Celcom,Video Experience,3
Celcom, Games Experience,2
Celcom,Voice App Experience,4
Celcom,Download Speed,3
Celcom,Upload Speed,2
Digi,Video Experience,1
Digi, Games Experience,1
Digi,Voice App Experience,1
Digi,Download Speed,1
Digi,Upload Speed,1
Umobile,Video Experience,4
Umobile, Games Experience,3
Umobile,Voice App Experience,2
Umobile,Download Speed,4
Umobile,Upload Speed,3
Unifi,Video Experience,2
Unifi, Games Experience,4
Unifi,Voice App Experience,3
Unifi,Download Speed,2
Unifi,Upload Speed,4
Yes,Video Experience,5
Yes, Games Experience,5
Yes,Voice App Experience,4
Yes,Download Speed,4
Yes,Upload Speed,5